method,precision,recall,f1,fpr,events_detected,event_coverage,event_delay,event_alignment_error,alarm_days_outside,missed_events,total_positive_delay,crossover_vs_vix_cd005
VIX percentile,0.5962264150943396,0.20586319218241042,0.30605326876513317,0.04806828391734052,10,0.7692307692307693,-4.4,1.5,214,3,12.0,
Volatility percentile,0.6395563770794824,0.2254071661237785,0.33333333333333337,0.04380053908355795,10,0.7692307692307693,-1.2,3.6,195,3,35.0,0.06052631578947369
Hybrid (W=10),0.8862559241706162,0.12182410423452769,0.21420389461626577,0.005390835579514825,8,0.6153846153846154,6.75,8.25,24,5,66.0,0.024736842105263158
VIX + instability confirmation,0.9473684210526315,0.10553745928338762,0.1899179366940211,0.0020215633423180594,7,0.5384615384615384,3.7142857142857144,5.857142857142857,9,6,41.0,0.021707317073170734
